{"requests_per_minute_max":15,"timing":{"authorization_positive_of_fruitonserver":8,"authorization_in_stack_default stack_positive":1,"xref":103,"authorization_of_fruitonserver":8,"*":3858,"diff":473,"history":23,"successful_search":2148,"authorization_in_stack_default stack_positive_of_fruitonserver":1,"authorization":8,"viewing_of_fruitonserver":599,"search":2148,"opensearch":8,"authorization_in_stack_default stack_of_fruitonserver":1,"root":1103,"authorization_positive":8},"minutes":1067,"timing_min":{"authorization_positive_of_fruitonserver":0,"authorization_in_stack_default stack_positive":0,"xref":9,"authorization_of_fruitonserver":0,"*":0,"diff":26,"history":6,"successful_search":221,"authorization_in_stack_default stack_positive_of_fruitonserver":0,"authorization":0,"viewing_of_fruitonserver":6,"search":221,"opensearch":0,"authorization_in_stack_default stack_of_fruitonserver":0,"root":2,"authorization_positive":0},"timing_avg":{"authorization_positive_of_fruitonserver":0.22857142857142856,"authorization_in_stack_default stack_positive":0.02857142857142857,"xref":17.166666666666668,"authorization_of_fruitonserver":0.22857142857142856,"*":98.92307692307692,"diff":36.38461538461539,"history":7.666666666666667,"successful_search":716.0,"authorization_in_stack_default stack_positive_of_fruitonserver":0.02857142857142857,"authorization":0.22857142857142856,"viewing_of_fruitonserver":27.227272727272727,"search":716.0,"opensearch":1.3333333333333333,"authorization_in_stack_default stack_of_fruitonserver":0.02857142857142857,"root":137.875,"authorization_positive":0.22857142857142856},"request_categories":{"authorization_positive_of_fruitonserver":35,"authorization_in_stack_default stack_positive":35,"xref":6,"authorization_cache_misses":35,"authorization_of_fruitonserver":35,"*":39,"diff":13,"history":3,"successful_search":3,"authorization_in_stack_default stack_positive_of_fruitonserver":35,"authorization":35,"viewing_of_fruitonserver":22,"search":3,"opensearch":6,"authorization_cache_hits":13,"authorization_in_stack_default stack_of_fruitonserver":35,"root":8,"authorization_positive":35},"day_histogram":[0,0,0,0,0,0,0,0,0,0,0,0,0,0,0,0,0,0,0,0,26,0,4,9],"requests":39,"requests_per_minute_min":1,"requests_per_minute":0,"requests_per_minute_avg":0.03655107778819119,"month_histogram":[0,0,0,0,0,0,0,39,0,0,0,0,0,0,0,0,0,0,0,0,0,0,0,0,0,0,0,0,0,0,0],"timing_max":{"authorization_positive_of_fruitonserver":1,"authorization_in_stack_default stack_positive":1,"xref":24,"authorization_of_fruitonserver":1,"*":1092,"diff":85,"history":9,"successful_search":1092,"authorization_in_stack_default stack_positive_of_fruitonserver":1,"authorization":1,"viewing_of_fruitonserver":85,"search":1092,"opensearch":2,"authorization_in_stack_default stack_of_fruitonserver":1,"root":543,"authorization_positive":1}}